<?xml version="1.0" encoding="utf-8" ?>
<!-- Copyright 2016-2017 Tecnativa - Pedro M. Baeza
     License AGPL-3.0 or later (http://www.gnu.org/licenses/agpl.html). -->
<odoo>
    <record id="project.project_1_task_9" model="project.task">
        <field
            name="planned_date_start"
            eval="(DateTime.today() - timedelta(days=13)).strftime('%Y-%m-%d 00:00:00')"
        />
        <field
            name="planned_date_end"
            eval="(DateTime.today() - timedelta(days=6)).strftime('%Y-%m-%d 00:00:00')"
        />
    </record>
    <record id="project.project_1_task_2" model="project.task">
        <field
            name="planned_date_start"
            eval="(DateTime.today() - timedelta(days=1)).strftime('%Y-%m-%d 00:00:00')"
        />
        <field
            name="planned_date_end"
            eval="(DateTime.today() + timedelta(days=1)).strftime('%Y-%m-%d 00:00:00')"
        />
    </record>
    <record id="project.project_1_task_3" model="project.task">
        <field
            name="planned_date_start"
            eval="(DateTime.today() - timedelta(days=2)).strftime('%Y-%m-%d 00:00:00')"
        />
        <field
            name="planned_date_end"
            eval="(DateTime.today() + timedelta(days=1)).strftime('%Y-%m-%d 00:00:00')"
        />
    </record>
    <record id="project.project_1_task_8" model="project.task">
        <field
            name="planned_date_start"
            eval="(DateTime.today() - timedelta(days=10)).strftime('%Y-%m-%d 00:00:00')"
        />
        <field
            name="planned_date_end"
            eval="(DateTime.today() - timedelta(days=6)).strftime('%Y-%m-%d 00:00:00')"
        />
    </record>
    <record id="project.project_1_task_6" model="project.task">
        <field
            name="planned_date_start"
            eval="(DateTime.today() - timedelta(days=9)).strftime('%Y-%m-%d 00:00:00')"
        />
        <field
            name="planned_date_end"
            eval="(DateTime.today() - timedelta(days=2)).strftime('%Y-%m-%d 00:00:00')"
        />
    </record>
    <record id="project.project_1_task_7" model="project.task">
        <field
            name="planned_date_start"
            eval="(DateTime.today() - timedelta(days=7)).strftime('%Y-%m-%d 00:00:00')"
        />
        <field
            name="planned_date_end"
            eval="(DateTime.today() - timedelta(days=2)).strftime('%Y-%m-%d 00:00:00')"
        />
    </record>
    <record id="project.project_1_task_5" model="project.task">
        <field
            name="planned_date_start"
            eval="(DateTime.today() - timedelta(days=6)).strftime('%Y-%m-%d 00:00:00')"
        />
        <field
            name="planned_date_end"
            eval="(DateTime.today() - timedelta(days=3)).strftime('%Y-%m-%d 00:00:00')"
        />
    </record>
    <record id="project.project_2_task_7" model="project.task">
        <field
            name="planned_date_start"
            eval="(DateTime.today() - timedelta(days=1)).strftime('%Y-%m-%d 00:00:00')"
        />
        <field
            name="planned_date_end"
            eval="(DateTime.today() + timedelta(days=10)).strftime('%Y-%m-%d 00:00:00')"
        />
    </record>
    <record id="project.project_2_task_9" model="project.task">
        <field
            name="planned_date_start"
            eval="(DateTime.today() - timedelta(days=1)).strftime('%Y-%m-%d 00:00:00')"
        />
        <field
            name="planned_date_end"
            eval="(DateTime.today() + timedelta(days=6)).strftime('%Y-%m-%d 00:00:00')"
        />
    </record>
    <record id="project.project_2_task_5" model="project.task">
        <field
            name="planned_date_start"
            eval="(DateTime.today() + timedelta(days=13)).strftime('%Y-%m-%d 00:00:00')"
        />
        <field
            name="planned_date_end"
            eval="(DateTime.today() + timedelta(days=23)).strftime('%Y-%m-%d 00:00:00')"
        />
    </record>
    <record id="project.project_2_task_4" model="project.task">
        <field
            name="planned_date_start"
            eval="(DateTime.today() + timedelta(days=13)).strftime('%Y-%m-%d 00:00:00')"
        />
        <field
            name="planned_date_end"
            eval="(DateTime.today() + timedelta(days=23)).strftime('%Y-%m-%d 00:00:00')"
        />
    </record>
    <record id="project.project_2_task_3" model="project.task">
        <field
            name="planned_date_start"
            eval="(DateTime.today() + timedelta(days=1)).strftime('%Y-%m-%d 00:00:00')"
        />
        <field
            name="planned_date_end"
            eval="(DateTime.today() + timedelta(days=20)).strftime('%Y-%m-%d 00:00:00')"
        />
    </record>
    <record id="project.project_2_task_2" model="project.task">
        <field
            name="planned_date_start"
            eval="(DateTime.today() + timedelta(days=1)).strftime('%Y-%m-%d 00:00:00')"
        />
        <field
            name="planned_date_end"
            eval="(DateTime.today() + timedelta(days=10)).strftime('%Y-%m-%d 00:00:00')"
        />
    </record>
    <record id="project.project_2_task_6" model="project.task">
        <field
            name="planned_date_start"
            eval="(DateTime.today() + timedelta(days=11)).strftime('%Y-%m-%d 00:00:00')"
        />
        <field
            name="planned_date_end"
            eval="(DateTime.today() + timedelta(days=15)).strftime('%Y-%m-%d 00:00:00')"
        />
    </record>
    <record id="project.project_2_task_8" model="project.task">
        <field
            name="planned_date_start"
            eval="(DateTime.today() + timedelta(days=12)).strftime('%Y-%m-%d 00:00:00')"
        />
        <field
            name="planned_date_end"
            eval="(DateTime.today() + timedelta(days=20)).strftime('%Y-%m-%d 00:00:00')"
        />
    </record>
    <record id="project.project_2_task_1" model="project.task">
        <field
            name="planned_date_start"
            eval="(DateTime.today() + timedelta(days=20)).strftime('%Y-%m-%d 00:00:00')"
        />
        <field
            name="planned_date_end"
            eval="(DateTime.today() + timedelta(days=22)).strftime('%Y-%m-%d 00:00:00')"
        />
    </record>
    <record id="project.project_1_task_4" model="project.task">
        <field
            name="planned_date_start"
            eval="(DateTime.today() + timedelta(days=30)).strftime('%Y-%m-%d 00:00:00')"
        />
        <field
            name="planned_date_end"
            eval="(DateTime.today() + timedelta(days=32)).strftime('%Y-%m-%d 00:00:00')"
        />
    </record>
    <record id="project.project_1_task_1" model="project.task">
        <field
            name="planned_date_start"
            eval="(DateTime.today() + timedelta(days=30)).strftime('%Y-%m-%d 00:00:00')"
        />
        <field
            name="planned_date_end"
            eval="(DateTime.today() + timedelta(days=35)).strftime('%Y-%m-%d 00:00:00')"
        />
    </record>
    <record id="project.project_2_task_10" model="project.task">
        <field
            name="planned_date_start"
            eval="(DateTime.today() + timedelta(days=20)).strftime('%Y-%m-%d 00:00:00')"
        />
        <field
            name="planned_date_end"
            eval="(DateTime.today() + timedelta(days=50)).strftime('%Y-%m-%d 00:00:00')"
        />
    </record>
</odoo>
